{
  "Prefixes": {
    "A,an-an-": "Without, not, lack of",
    "Ad-": "Toward",
    "Anti-": "Against",
    "Bi-": "Two",
    "Circum-m": "Around",
    "De-": "Opposite effect, separation",
    "Dys-": "Difficult, non- , defect",
    "En-": "In, within",
    "Epi-": "Above, after",
    "Eu-": "Good",
    "Hemi-": "Half",
    "Hypo-": "Under (Greek)",
    "Infra-": "Under",
    "Intro-": "Inside, Inter",
    "Macro-": "Big, huge",
    "Mega-": "Large",
    "Mono-": "One, single",
    "Non-": "Not",
    "Para-": "Near, about",
    "Peri-": "Around",
    "Post-": "After",
    "Pro-": "For",
    "Retro-": "Movement backwards",
    "Sub-": "Under (Latin)",
    "Supra-": "Above (Latin)",
    "Trans-": "Across",
    "Ab-": "Away from",
    "Ante-": "Before, forward",
    "Auto-": "Self, own",
    "Contra-": "Against, opposite",
    "Dia-": "Complete, through",
    "Ecto-": "Out, outside",
    "Endo-": "Inner",
    "Ex-": "Out, away from",
    "In-": "In, into, not",
    "Inter-": "Between",
    "Leuk-": "White",
    "Mal-": "Bad",
    "Neo-": "New",
    "Oligo-": "Scanty",
    "Pre-": "Before, in front of",
    "Poly-": "Many",
    "Per-": "Through",
    "Re-": "Back, again, backward",
    "Semi-": "Half",
    "Super-Supr": "Above, upper",
    "Uni-": "One",
    "Brady-": "Slow",
    "Erythr-": "Red",
    "Hyper-": "Above, excessive",
    "Micro-": "Small",
    "Tachy-": "Fast"
  },
  "Roots": {
    "Abdomin (o)": "abdomen",
    "Adren (o)": "(At, near) kidney",
    "Arterio": "Main blood vessel",
    "Broncho": "Throat",
    "Cephal (o)": "Head",
    "Chondr": "Cartilage",
    "Cost (o)": "Rib",
    "Cyan (o)": "Blue",
    "Cyt (o)": "Cell",
    "Derma": "Skin",
    "Encephal (o)": "Brain",
    "Fibr (o)": "Nerve Fiber",
    "Gloss (o)": "Throat, tongue",
    "Glyc (o) Gluc": "Sweet",
    "Hem,hema": "Blood",
    "Hepat (o)": "Liver",
    "Hyster (o)": "Uterus",
    "Laparo": "Belly (belly wall)",
    "Lith (o)": "Stone",
    "Mast (o)": "Breast",
    "My (o)": "Muscle",
    "Necro": "Dead",
    "Neur (o)": "Nerve",
    "Oophor (o)": "Ovary",
    "Orth (o)": "Straight",
    "Ot (o)": "Ear",
    "Pharyng (o)": "Throat",
    "Pnea": "Breathing",
    "Proct (o)": "Anus",
    "Pulmo": "Lung",
    "Rect (o)": "Rectum",
    "Salping (o)": "Fallopian tube",
    "Splen (o)": "Spleen",
    "Sten (o)": "Narrow",
    "Stomat (o)": "Mouth",
    "Thoraco": "Chest",
    "Thyr (o)": "Thyroid",
    "Toxo": "Poison",
    "Urethr (o)": "Urethra",
    "Uro": "Urine",
    "Vas (o)": "Vessel",
    "Verter (o)": "Spine column",
    "Aden (o)": "Gland",
    "Angi": "Vein, blood vessel",
    "Arthr (o)": "Joint",
    "Card, cardi (o)": "Heart",
    "Chole, chol (o)": "Bile",
    "Colo": "Large intestine",
    "Crani (o)": "Skull, cranium",
    "Cyst (o)": "Bubble, bladder, sac",
    "Dent (o)": "Tooth",
    "Duoden (o)": "Duodenum",
    "Enter (o)": "Small intestine",
    "Gastr (o)": "Stomach",
    "Gluc (o)": "Sweet",
    "Gyn,gyne,gyneco": "Female",
    "Hemo,hemat (o)": "Blood",
    "Hydr (o)": "Water",
    "Ili (o)": "Ilium (part of hipbone)",
    "Laryng": "Throat",
    "Mamm (o)": "Breast",
    "Meno": "Monthly",
    "Myel (o)": "Bone marrow",
    "Nephr  (o)": "Kidney",
    "Ocul (o)": "Eye (Latin)",
    "Ophthalm (o)": "Eye (Greek)",
    "Oste (o)": "Bone",
    "Ped (o)": "Child",
    "Phleb (o)": "Vein",
    "Pneum (o)": "Breath, puff",
    "Psych (o)": "Soul",
    "Py (o)": "Puss",
    "Rhin (o)": "Nose",
    "Stern (o)": "Chest",
    "Tachy": "Fast, accelerated",
    "Therm (o)": "Warm, hot",
    "Thromb (o)": "Blood clot",
    "Toxic (o)": "Poison",
    "Trache (o)": "Trachea (windpipe)",
    "Urin (o)": "Urine",
    "Uter (o)": "Uterus, womb",
    "Ven (o)": "Vein"
  },
  "Suffixes": {
    "-algia": "pain",
    "-cele": "hernia",
    "-cyte": "cell",
    "-ectomy": "Excision, removal",
    "-genesis": "Producing, forming",
    "-gram": "Record",
    "-graphy": "Process of recording",
    "-ism": "Process, condition",
    "-logy": "Science",
    "-megaly": "Enlargement",
    "-metry": "Measurement",
    "-osis": "Condition, usually abnormal",
    "-penia": "Lack",
    "-phobia": "Fear",
    "-phlegia": "Stroke",
    "-rrhage": "Bursting forth of blood",
    "-rrhaphy": "Suture",
    "-scope": "Instrument for visual",
    "-stasis": "Stop",
    "-ostosis": "Condition of bone",
    "-osmia": "Smell",
    "-asis": "Condition, usually abnormal",
    "-centesis": "Surgical puncture to remove",
    "-ectasis": "Broadening, expansion",
    "-emia": "Blood condition",
    "-genic": "Produced by or in",
    "-graph": "Draw, write",
    "-iasis": "Abnormal condition",
    "-itis": "Inflammation",
    "-lysis": "Breakdown, separation,",
    "-meter": "Measure",
    "-oma": "Tumor",
    "-pathy": "Disease, emotion",
    "-phasia": "Formation",
    "-plasty": "Surgical repair",
    "-ptosis": "Drop, sag, prolapse",
    "-rrhagia": "Bursting forth of blood",
    "-rrhea": "Flow, discharge",
    "-scopy": "Visual examination",
    "-stomy": "New opening",
    "-tomy": "Cut, incision",
    "-uria": "Urine"
  }
}